Type,Name,Request Count,Failure Count,Median Response Time,Average Response Time,Min Response Time,Max Response Time,Average Content Size,Requests/s,Failures/s,50%,66%,75%,80%,90%,95%,98%,99%,99.9%,99.99%,100%
GET,/viewer/,1,0,871.3852799999984,871.3852799999984,871.3852799999984,871.3852799999984,5771.0,1.0159547102098712,0.0,870,870,870,870,870,870,870,870,870,870,870
GET,/viewer/assets/academicons/css/academicons.min.css,1,0,939.4376199999997,939.4376199999997,939.4376199999997,939.4376199999997,7768.0,1.0159547102098712,0.0,940,940,940,940,940,940,940,940,940,940,940
GET,/viewer/extra_js.js,1,0,870.6452899999988,870.6452899999988,870.6452899999988,870.6452899999988,47.0,1.0159547102098712,0.0,870,870,870,870,870,870,870,870,870,870,870
GET,/viewer/icons/iav-icons.css,1,0,914.0826900000008,914.0826900000008,914.0826900000008,914.0826900000008,518.0,1.0159547102098712,0.0,910,910,910,910,910,910,910,910,910,910,910
GET,/viewer/lib/ng-layer-tune/dist/ng-layer-tune/ng-layer-tune.esm.js,1,0,111.39510999999658,111.39510999999658,111.39510999999658,111.39510999999658,945.0,1.0159547102098712,0.0,110,110,110,110,110,110,110,110,110,110,110
GET,/viewer/version.css,1,0,841.8390600000052,841.8390600000052,841.8390600000052,841.8390600000052,27.0,1.0159547102098712,0.0,840,840,840,840,840,840,840,840,840,840,840
,Aggregated,6,0,870.0,758.1308416666666,111.39510999999658,939.4376199999997,2512.6666666666665,6.095728261259228,0.0,870,870,910,910,940,940,940,940,940,940,940
